{
  "tamanhos": [
    256,
    512,
    1024
  ],
  "sequencial": [
    0.9572895999881439,
    3.2607899999711663,
    9.302124300040305
  ],
  "paralelo": {
    "2": [
      43.95552570000291,
      183.1877924000146,
      728.0215002000332
    ],
    "4": [
      44.36601090000477,
      182.33434000000125,
      771.7425536999945
    ]
  },
  "distribuido": {
    "2": [
      29.32523349998519,
      112.83473350002896,
      560.3731069000205
    ],
    "4": [
      24.071970499993768,
      90.23021849995712,
      357.11494090000633
    ]
  }
}